Sol	Local Time	Decimal Sol	T1 celsius	T2 celsius	T3 celsius
1	07:08:00	1.289271	-51.3	-51.0	-52.9
1	09:35:29	1.388950	-31.9	-25.1	-21.7
1	12:58:30	1.526162	-0.8	-3.9	0.1
1	13:27:30	1.545762	-0.2	-6.1	-4.2
1	13:56:30	1.565362	-17.6	-14.0	-10.9
2	11:30:07	2.466424	-28.2	-24.2	-21.0
2	11:59:08	2.486035	-25.4	-20.8	-17.4
2	12:28:08	2.505635	-23.4	-18.8	-14.9
2	12:57:08	2.525235	-22.4	-17.8	-14.1
2	13:26:09	2.544851	-21.0	-16.5	-12.6
2	13:55:10	2.564458	-19.7	-15.3	-11.5
2	14:24:10	2.584058	-15.9	-13.0	-9.6
2	14:53:11	2.603669	-15.3	-13.6	-10.2
2	15:22:11	2.623269	-15.3	-12.7	-9.7
2	15:51:12	2.642880	-18.9	-18.2	-15.1
2	16:20:13	2.662490	-21.1	-20.9	-18.3
2	16:49:13	2.682092	-23.2	-23.2	-21.3
2	17:18:14	2.701703	-26.9	-26.9	-25.9
2	17:47:15	2.721314	-30.8	-31.1	-30.2
2	18:45:17	2.760537	-43.8	-43.9	-44.4
2	19:14:18	2.780148	-45.7	-46.1	-46.9
2	19:43:19	2.799760	-49.1	-49.4	-50.2
2	20:12:20	2.819371	-51.5	-51.8	-52.7
2	20:41:21	2.838982	-55.5	-55.8	-56.4
2	21:10:22	2.858594	-57.5	-57.7	-58.4
2	21:39:23	2.878205	-61.0	-61.6	-63.0
2	22:08:24	2.897816	-61.1	-61.2	-62.7
2	22:37:25	2.917428	-64.5	-64.9	-65.7
2	23:06:26	2.937039	-64.9	-65.5	-66.9
2	24:04:28	2.976262	-67.8	-68.5	-70.2
3	00:51:55	3.035084	-69.3	-70.0	-71.1
3	01:49:57	3.074307	-70.4	-70.7	-73.4
3	02:18:58	3.093918	-71.3	-71.5	-73.2
3	02:47:59	3.113530	-71.9	-72.3	-73.9
3	04:44:02	3.191964	-75.0	-75.4	-77.7
3	05:13:03	3.211575	-76.0	-76.4	-77.8
3	05:42:04	3.231186	-74.7	-74.9	-75.9
3	06:11:04	3.250786	-71.6	-71.7	-72.0
3	06:40:05	3.270398	-67.2	-66.8	-65.0
3	07:09:05	3.289998	-63.7	-63.0	-61.9
3	07:38:06	3.309609	-59.5	-58.6	-55.4
3	08:07:06	3.329209	-53.0	-51.9	-46.7
3	08:36:07	3.348820	-47.7	-46.9	-44.6
3	09:05:07	3.368421	-44.3	-42.3	-40.0
3	09:34:08	3.388032	-42.0	-39.9	-35.4
3	10:03:08	3.407632	-36.0	-34.1	-30.4
3	10:32:09	3.427243	-32.6	-28.8	-25.6
3	11:01:09	3.446843	-29.8	-26.0	-22.4
3	11:29:54	3.466274	-27.0	-23.5	-20.4
3	12:27:55	3.505486	-22.3	-19.2	-15.7
3	13:25:57	3.544708	-19.5	-14.6	-11.1
3	13:54:58	3.564320	-17.1	-14.0	-10.2
3	14:52:59	3.603531	-15.1	-12.5	-8.9
3	15:21:60	3.623142	-14.8	-12.4	-9.4
3	15:50:60	3.642742	-19.2	-18.4	-15.3
3	16:19:60	3.662343	-19.5	-19.2	-16.4
3	16:49:01	3.681954	-22.4	-22.2	-19.9
3	17:18:02	3.701565	-26.1	-25.7	-24.0
3	17:47:03	3.721177	-32.1	-32.3	-31.8
3	18:16:04	3.740788	-39.2	-39.4	-39.2
3	18:45:05	3.760399	-45.2	-45.2	-45.6
3	19:14:06	3.780010	-46.6	-46.7	-47.5
3	19:43:07	3.799622	-49.9	-50.1	-51.0
3	20:12:08	3.819233	-55.2	-55.8	-56.7
3	20:41:09	3.838844	-58.4	-58.7	-59.2
3	21:10:10	3.858456	-60.1	-60.3	-60.8
3	21:39:11	3.878068	-60.2	-61.1	-62.4
3	22:08:12	3.897678	-60.8	-61.6	-62.9
3	22:37:13	3.917290	-63.9	-64.5	-65.8
3	23:06:14	3.936901	-65.1	-65.5	-66.6
3	23:35:15	3.956512	-66.3	-67.1	-68.2
3	24:04:16	3.976124	-68.7	-69.3	-70.7
3	24:33:17	3.995735	-65.5	-66.2	-70.2
4	00:22:42	4.015346	-66.0	-66.5	-71.2
4	00:51:43	4.034958	-67.5	-68.0	-72.6
4	01:20:44	4.054569	-67.4	-67.9	-70.6
4	01:49:45	4.074180	-69.1	-69.5	-71.5
4	02:18:46	4.093792	-71.2	-71.7	-73.5
4	02:47:47	4.113403	-71.1	-71.5	-73.0
4	03:16:48	4.133014	-72.6	-73.2	-74.5
4	03:45:49	4.152626	-72.5	-72.8	-74.7
4	04:14:50	4.172237	-73.9	-73.9	-74.4
4	05:12:52	4.211460	-73.5	-74.1	-75.2
4	05:41:53	4.231071	-74.8	-75.4	-76.6
4	06:10:55	4.250684	-71.7	-72.0	-73.0
4	06:39:55	4.270294	-64.6	-65.5	-65.7
4	07:08:56	4.289895	-61.8	-61.7	-60.7
4	07:37:56	4.309505	-52.9	-53.4	-53.0
4	09:08:17	4.370569	-43.7	-41.9	-39.5
4	09:33:58	4.387928	-39.3	-36.8	-34.5
4	10:31:59	4.427139	-33.3	-30.2	-27.3
4	11:00:59	4.446739	-32.6	-29.3	-26.0
4	11:29:44	4.466170	-30.9	-27.2	-23.8
4	13:00:17	4.527370	-23.6	-19.8	-15.9
4	13:25:45	4.544582	-20.3	-16.2	-12.4
4	13:54:46	4.564193	-16.1	-12.1	-8.7
4	14:23:46	4.583793	-14.6	-11.1	-7.8
4	14:52:47	4.603404	-15.7	-13.8	-10.2
4	15:21:47	4.623004	-15.5	-14.4	-11.0
4	15:50:48	4.642616	-15.7	-13.7	-10.5
4	16:19:48	4.662216	-20.6	-18.9	-16.2
4	16:48:48	4.681816	-21.5	-20.5	-18.2
4	17:17:49	4.701427	-26.4	-26.1	-24.5
4	17:46:50	4.721039	-31.7	-31.3	-30.1
4	18:15:51	4.740650	-39.4	-39.4	-39.0
4	18:44:52	4.760261	-45.1	-45.2	-45.8
4	19:17:26	4.782272	-49.0	-49.6	-50.5
4	19:42:54	4.799484	-50.2	-50.5	-51.3
4	20:11:55	4.819095	-54.5	-55.0	-55.6
4	20:40:56	4.838706	-57.9	-58.1	-58.6
4	21:09:57	4.858318	-59.2	-59.8	-60.7
4	21:38:58	4.877929	-63.4	-63.6	-64.7
4	22:07:59	4.897540	-62.9	-63.6	-65.3
4	22:37:00	4.917152	-60.9	-61.6	-63.0
4	23:06:01	4.936763	-63.6	-64.0	-65.3
4	23:38:32	4.958740	-63.2	-63.9	-64.9
4	24:04:03	4.975986	-68.8	-69.5	-71.2
4	24:33:03	4.995586	-67.5	-68.3	-69.4
5	00:22:29	5.015197	-66.2	-66.9	-72.4
5	00:51:30	5.034808	-66.9	-67.5	-71.3
5	01:20:31	5.054420	-68.6	-69.0	-72.0
5	01:53:01	5.076385	-70.4	-70.7	-72.4
5	02:18:33	5.093642	-69.2	-69.7	-72.4
5	02:47:34	5.113254	-69.3	-69.8	-73.2
5	03:16:35	5.132865	-69.6	-70.2	-74.1
5	03:45:36	5.152476	-70.4	-70.9	-74.5
5	04:14:37	5.172088	-71.5	-71.7	-74.1
5	04:47:07	5.194053	-73.3	-73.5	-74.3
5	05:12:39	5.211310	-74.0	-74.2	-75.0
5	05:41:40	5.230922	-74.5	-75.0	-76.2
5	06:10:41	5.250533	-70.8	-70.8	-71.1
5	06:39:42	5.270144	-68.2	-67.8	-67.2
5	07:08:43	5.289756	-64.3	-63.6	-61.6
5	07:37:44	5.309367	-59.2	-58.2	-53.7
5	08:06:45	5.328978	-54.1	-53.2	-49.1
5	08:35:46	5.348590	-50.1	-48.0	-45.3
5	09:04:47	5.368201	-44.5	-42.9	-39.8
5	09:33:48	5.387812	-40.1	-37.7	-35.0
5	10:02:49	5.407424	-40.3	-38.3	-32.3
5	10:31:50	5.427035	-35.3	-32.2	-27.7
5	11:00:51	5.446646	-32.3	-29.7	-22.4
5	11:29:36	5.466077	-30.7	-27.2	-23.7
5	11:58:36	5.485677	-28.9	-25.2	-21.1
5	12:27:37	5.505289	-20.2	-15.6	-12.4
5	12:56:37	5.524889	-21.7	-18.0	-15.0
5	13:25:38	5.544500	-21.7	-17.9	-15.0
5	13:54:38	5.564100	-18.7	-14.7	-11.4
5	14:23:39	5.583713	-20.5	-17.6	-13.5
5	14:52:39	5.603311	-17.7	-14.8	-12.0
5	15:21:39	5.622912	-17.1	-16.4	-12.9
5	15:50:40	5.642523	-17.5	-15.5	-12.6
5	16:19:40	5.662123	-20.4	-19.9	-17.1
5	16:48:41	5.681734	-21.7	-21.4	-19.1
5	17:17:42	5.701346	-26.1	-25.9	-24.3
5	17:46:43	5.720957	-31.5	-31.4	-30.5
5	18:15:44	5.740568	-38.9	-39.3	-39.3
5	18:44:45	5.760179	-44.4	-44.7	-45.4
5	19:13:46	5.779791	-48.2	-48.3	-49.1
5	19:42:47	5.799402	-51.2	-51.5	-52.4
5	20:11:48	5.819013	-54.0	-54.3	-55.1
5	20:40:49	5.838625	-58.4	-58.3	-59.6
5	21:09:50	5.858236	-59.4	-59.6	-60.3
5	21:38:51	5.877847	-63.3	-63.4	-64.5
5	22:07:52	5.897459	-63.7	-63.5	-64.4
5	22:36:53	5.917070	-63.4	-64.1	-65.2
5	23:05:54	5.936681	-64.6	-65.6	-66.8
5	23:34:55	5.956293	-63.0	-63.5	-65.0
5	24:03:56	5.975904	-67.1	-67.9	-69.3
5	24:32:57	5.995515	-65.1	-65.9	-68.7
6	00:22:23	6.015127	-66.8	-67.2	-69.2
6	00:51:24	6.034738	-65.3	-65.9	-71.3
6	01:20:25	6.054349	-67.4	-67.9	-69.8
6	01:49:26	6.073961	-68.5	-69.0	-71.5
6	02:18:27	6.093572	-68.8	-69.2	-71.3
6	02:47:28	6.113183	-69.9	-70.2	-75.5
6	03:16:29	6.132795	-70.4	-70.8	-73.7
6	03:45:30	6.152406	-72.5	-72.6	-73.4
6	04:14:31	6.172017	-73.9	-74.3	-76.8
6	04:43:32	6.191629	-75.0	-75.6	-77.2
6	05:12:33	6.211240	-73.5	-73.8	-74.8
6	05:41:34	6.230851	-73.7	-73.8	-75.1
6	06:10:35	6.250463	-69.9	-70.0	-71.2
6	06:39:36	6.270074	-67.6	-67.2	-66.9
6	07:14:01	6.293335	-62.3	-61.5	-59.7
6	07:37:38	6.309297	-58.5	-57.6	-54.3
6	08:10:32	6.331532	-53.4	-52.2	-48.0
6	08:35:40	6.348519	-50.4	-48.6	-44.9
6	09:17:19	6.376669	-43.9	-41.6	-38.6
6	09:33:42	6.387742	-42.5	-40.3	-34.5
6	10:02:43	6.407353	-37.9	-34.9	-31.9
6	10:31:44	6.426964	-34.8	-32.0	-27.9
6	11:00:45	6.446576	-31.9	-28.9	-25.7
6	11:29:31	6.466018	-30.2	-27.0	-23.1
6	11:58:31	6.485618	-28.0	-24.5	-20.0
6	12:27:33	6.505241	-27.1	-23.7	-19.6
6	12:56:32	6.524830	-20.4	-16.1	-12.7
6	13:54:33	6.564041	-24.2	-20.6	-17.5
6	14:25:26	6.584915	-15.2	-12.8	-9.5
6	15:06:40	6.612782	-13.7	-11.6	-8.4
6	15:21:35	6.622864	-17.4	-15.8	-12.2
6	15:58:02	6.647499	-17.9	-16.3	-13.8
6	16:19:35	6.662064	-18.1	-17.3	-14.5
6	16:49:25	6.682231	-21.1	-21.1	-18.7
6	17:17:36	6.701275	-25.5	-24.9	-23.1
6	17:46:37	6.720886	-31.5	-31.3	-30.2
6	18:15:38	6.740498	-39.0	-38.9	-38.6
6	18:44:39	6.760109	-46.2	-46.0	-46.4
6	19:13:40	6.779722	-49.4	-49.4	-50.1
6	19:42:41	6.799336	-51.8	-52.4	-53.5
6	20:11:42	6.818943	-55.3	-56.1	-57.0
6	20:40:43	6.838554	-57.0	-57.6	-58.6
6	21:09:44	6.858166	-61.4	-62.1	-63.3
6	21:38:45	6.877777	-63.0	-63.1	-64.5
6	22:07:46	6.897390	-61.8	-62.5	-63.7
6	22:36:47	6.917000	-62.8	-63.3	-64.1
6	23:05:47	6.936600	-64.1	-64.6	-65.7
6	23:34:47	6.956200	-65.0	-65.4	-66.8
6	24:03:48	6.975811	-65.6	-66.1	-68.4
6	24:32:49	6.995422	-66.1	-66.6	-70.4
7	00:22:15	7.015034	-67.0	-67.4	-71.5
7	00:51:16	7.034645	-68.7	-69.2	-72.8
7	01:20:17	7.054256	-67.1	-67.8	-70.3
7	01:49:18	7.073868	-68.4	-68.9	-72.1
7	02:18:19	7.093479	-70.1	-70.3	-72.2
7	02:47:20	7.113090	-70.6	-71.0	-73.5
7	03:16:21	7.132702	-69.2	-69.6	-74.9
7	03:45:22	7.152313	-69.6	-70.1	-74.7
7	04:14:23	7.171924	-71.2	-71.7	-76.6
7	04:43:24	7.191536	-73.4	-73.5	-74.4
7	05:12:25	7.211147	-72.1	-72.4	-77.9
7	05:41:26	7.230758	-72.7	-73.8	-75.3
7	06:10:27	7.250370	-71.7	-71.9	-73.0
7	06:39:28	7.269981	-68.8	-68.4	-68.1
7	07:08:29	7.289592	-64.8	-63.8	-63.2
7	07:37:30	7.309204	-60.8	-59.6	-58.0
7	08:06:31	7.328815	-55.4	-54.0	-51.9
7	08:35:32	7.348426	-50.6	-48.8	-44.6
7	09:04:33	7.368038	-43.4	-41.6	-38.6
7	09:33:34	7.387649	-41.7	-40.1	-34.5
8	12:26:22	8.504447	-22.4	-19.3	-16.0
8	12:55:23	8.524058	-19.4	-16.0	-13.1
8	13:24:23	8.543658	-18.9	-14.8	-11.7
8	13:53:24	8.563269	-20.0	-16.7	-13.6
8	14:22:25	8.582881	-17.0	-14.3	-10.8
8	14:51:26	8.602492	-17.8	-15.2	-12.2
8	15:20:27	8.622103	-14.0	-11.9	-8.7
8	15:49:28	8.641715	-19.6	-17.8	-16.3
8	16:18:29	8.661326	-21.0	-19.6	-18.0
8	16:47:30	8.680937	-21.3	-20.4	-18.5
8	17:16:31	8.700549	-25.5	-24.7	-23.0
8	18:14:33	8.739771	-39.9	-39.3	-39.2
8	18:43:34	8.759383	-46.9	-46.5	-46.5
8	19:12:35	8.778994	-51.1	-51.3	-51.7
8	19:41:36	8.798605	-55.0	-55.1	-55.6
8	20:10:37	8.818217	-57.9	-57.7	-58.5
8	20:39:38	8.837828	-58.7	-58.8	-59.8
8	21:08:39	8.857439	-59.6	-59.9	-60.8
8	21:37:40	8.877050	-60.9	-61.4	-62.5
8	22:06:41	8.896662	-62.2	-63.0	-64.1
8	22:35:42	8.916273	-64.4	-64.6	-65.7
8	23:04:43	8.935884	-63.6	-64.1	-65.5
8	23:33:44	8.955496	-65.2	-65.7	-67.6
8	24:02:45	8.975107	-64.9	-65.2	-66.8
8	24:31:46	8.994718	-66.3	-66.8	-68.5
9	00:50:13	9.033941	-68.3	-69.1	-72.4
9	01:19:14	9.053552	-68.5	-68.9	-73.8
9	01:48:15	9.073164	-68.0	-68.4	-73.1
9	02:17:16	9.092775	-68.8	-69.1	-71.3
9	02:46:17	9.112386	-69.9	-70.3	-72.5
9	03:15:18	9.131998	-70.3	-70.7	-74.4
9	03:44:19	9.151609	-71.0	-71.3	-74.0
9	04:13:20	9.171220	-71.4	-71.9	-74.7
9	05:11:22	9.210443	-75.7	-76.2	-77.7
9	05:40:23	9.230054	-74.9	-75.1	-76.2
9	06:09:24	9.249666	-71.6	-71.7	-72.5
9	06:38:25	9.269277	-69.1	-68.6	-68.8
9	07:07:26	9.288888	-64.4	-63.8	-61.5
9	07:36:27	9.308500	-59.0	-58.5	-56.3
9	08:05:28	9.328111	-53.5	-53.5	-51.5
9	08:34:29	9.347722	-50.8	-49.6	-46.4
9	09:03:30	9.367334	-46.9	-44.6	-41.5
9	09:32:31	9.386945	-43.1	-40.8	-37.1
9	10:01:32	9.406556	-36.7	-34.5	-30.4
9	10:30:33	9.426167	-31.5	-28.7	-26.0
9	10:59:34	9.445779	-30.1	-26.8	-23.8
9	11:28:35	9.465390	-26.2	-22.8	-19.5
9	11:57:35	9.484990	-27.0	-23.7	-16.0
9	12:26:21	9.504433	-24.7	-21.2	-17.9
9	12:55:22	9.524044	-18.2	-13.6	-10.3
9	13:24:23	9.543655	-19.7	-16.1	-13.0
9	13:53:24	9.563267	-18.1	-14.2	-11.0
9	14:22:25	9.582878	-16.1	-13.2	-9.7
9	15:20:27	9.622100	-14.8	-12.5	-9.0
9	15:49:28	9.641712	-15.9	-14.3	-11.8
9	16:18:29	9.661323	-18.0	-16.8	-14.3
9	16:47:30	9.680934	-20.5	-19.6	-17.4
9	17:16:31	9.700546	-24.9	-23.9	-22.3
9	17:45:31	9.720146	-31.1	-30.3	-29.2
9	18:14:32	9.739757	-39.1	-38.1	-37.6
9	18:43:33	9.759368	-46.8	-46.2	-46.2
9	19:12:34	9.778980	-49.8	-50.1	-50.9
9	19:41:35	9.798591	-53.8	-54.0	-54.7
9	20:10:35	9.818191	-57.2	-57.1	-58.1
9	20:39:36	9.837802	-60.2	-60.1	-61.0
9	21:08:37	9.857414	-60.2	-60.2	-61.7
9	21:37:38	9.877025	-61.7	-62.1	-63.3
9	22:06:39	9.896636	-61.7	-62.4	-63.6
9	22:35:39	9.916237	-62.2	-62.7	-63.8
9	23:04:40	9.935848	-64.2	-64.9	-66.1
9	23:33:41	9.955459	-64.0	-64.7	-65.9
9	24:02:42	9.975070	-64.7	-65.4	-68.9
9	24:31:43	9.994682	-66.0	-66.5	-71.2
10	00:21:08	10.014282	-66.3	-66.9	-69.3
10	00:50:09	10.033893	-67.1	-67.5	-69.5
10	01:19:10	10.053504	-66.6	-67.2	-70.1
10	01:48:11	10.073116	-67.7	-68.2	-72.0
10	02:17:12	10.092727	-69.7	-70.3	-72.6
10	02:46:12	10.112327	-70.0	-70.5	-73.3
10	03:15:13	10.131939	-70.7	-71.0	-73.3
10	03:44:14	10.151550	-69.8	-70.2	-73.8
10	04:13:15	10.171161	-70.2	-70.5	-74.8
10	04:42:16	10.190772	-71.7	-71.9	-75.4
10	05:11:16	10.210373	-74.4	-74.4	-75.1
10	05:40:17	10.229984	-74.1	-74.0	-74.2
10	06:09:18	10.249595	-71.6	-71.8	-72.7
10	06:38:19	10.269207	-66.6	-66.4	-65.2
10	07:07:20	10.288821	-62.7	-62.4	-60.3
10	07:36:21	10.308429	-59.4	-58.2	-57.1
10	08:05:21	10.328029	-55.1	-53.8	-50.0
10	09:29:05	10.384622	-41.9	-39.5	-36.4
10	09:32:17	10.386784	-39.6	-38.1	-35.3
10	09:35:29	10.388947	-41.6	-39.0	-35.6
10	10:13:37	10.414720	-36.5	-33.4	-30.2
10	10:30:25	10.426075	-35.4	-32.8	-27.2
10	10:59:26	10.445686	-29.6	-26.6	-23.5
10	11:28:27	10.465297	-26.9	-23.8	-20.7
10	11:57:28	10.484909	-23.1	-18.7	-15.3
11	15:44:12	11.638147	-15.3	-13.3	-10.8
11	16:13:12	11.657747	-18.7	-17.1	-15.0
11	16:42:13	11.677358	-20.4	-19.2	-17.1
11	17:11:14	11.696969	-23.8	-23.0	-21.3
11	17:40:15	11.716581	-29.9	-29.1	-28.1
11	18:09:16	11.736192	-38.1	-37.1	-36.3
11	18:38:17	11.755803	-45.8	-45.6	-45.5
11	19:07:17	11.775403	-49.0	-48.9	-49.6
11	19:36:18	11.795015	-50.6	-50.8	-51.9
11	20:05:19	11.814626	-54.3	-54.7	-55.4
11	20:34:20	11.834237	-56.7	-57.2	-58.1
11	21:03:21	11.853849	-58.5	-58.9	-60.0
11	21:32:22	11.873460	-60.4	-61.1	-62.2
11	22:01:23	11.893071	-60.8	-61.4	-62.5
11	22:30:24	11.912683	-63.5	-64.1	-65.7
11	22:59:25	11.932294	-65.1	-65.4	-67.1
11	23:28:26	11.951905	-65.2	-66.1	-68.0
11	23:57:27	11.971517	-64.8	-65.1	-65.7
11	24:26:28	11.991128	-66.0	-66.2	-66.9
12	00:15:53	12.010739	-66.2	-66.5	-66.9
12	00:44:54	12.030351	-66.2	-66.5	-69.2
12	01:13:55	12.049962	-66.6	-66.9	-69.3
12	01:42:56	12.069573	-68.5	-68.7	-70.8
12	02:11:57	12.089184	-70.8	-71.1	-73.4
12	02:40:58	12.108796	-70.3	-70.8	-73.9
12	03:09:59	12.128407	-70.1	-70.5	-74.2
12	03:39:00	12.148018	-71.7	-72.1	-75.2
12	04:08:01	12.167630	-70.9	-71.3	-76.4
12	04:37:02	12.187241	-71.4	-71.8	-76.5
12	05:06:03	12.206852	-73.8	-73.8	-74.3
12	05:35:04	12.226464	-75.5	-76.0	-77.7
12	06:04:05	12.246075	-74.1	-75.2	-76.8
12	06:33:06	12.265686	-67.3	-68.2	-69.2
12	15:42:43	12.637153	-17.2	-15.4	-12.8
12	16:11:43	12.656753	-16.3	-14.9	-12.4
12	16:40:44	12.676364	-19.0	-18.0	-15.8
12	17:09:45	12.695975	-23.2	-22.2	-20.4
12	17:38:46	12.715587	-29.5	-28.5	-27.4
12	18:07:47	12.735198	-37.9	-36.8	-36.0
12	18:36:48	12.754809	-45.6	-45.3	-45.3
12	19:05:49	12.774421	-49.6	-49.4	-49.8
12	19:34:50	12.794032	-51.9	-52.2	-53.6
12	20:03:51	12.813643	-54.0	-54.3	-55.3
12	20:32:52	12.833254	-55.8	-56.4	-57.2
12	21:01:53	12.852866	-61.7	-61.3	-62.2
12	21:30:54	12.872477	-62.0	-62.2	-63.6
12	21:59:55	12.892088	-62.8	-63.3	-64.6
12	22:28:56	12.911700	-64.5	-65.0	-65.9
12	22:57:57	12.931311	-65.0	-65.4	-66.8
12	23:26:58	12.950922	-65.0	-65.4	-66.6
12	23:55:59	12.970534	-65.5	-65.6	-66.1
12	24:25:00	12.990145	-66.2	-66.4	-67.8
13	00:14:26	13.009756	-65.1	-65.4	-67.1
13	00:43:27	13.029368	-66.8	-67.1	-69.5
13	01:12:28	13.048979	-67.8	-68.4	-73.4
13	01:41:29	13.068590	-69.3	-69.7	-72.2
13	02:10:30	13.088202	-69.8	-70.1	-72.6
13	02:39:31	13.107813	-70.0	-70.5	-73.2
13	03:08:32	13.127424	-71.7	-72.1	-76.3
13	03:37:33	13.147036	-69.5	-69.9	-75.2
13	04:06:34	13.166647	-70.1	-70.5	-75.5
13	04:35:35	13.186258	-71.9	-72.1	-73.6
13	05:04:36	13.205870	-74.0	-74.0	-74.5
13	05:33:37	13.225481	-75.2	-75.4	-76.5
13	06:02:37	13.245081	-73.1	-73.5	-75.1
13	06:31:39	13.264698	-67.8	-67.9	-67.7
13	15:13:42	13.617538	-15.4	-13.3	-10.7
13	15:42:43	13.637150	-17.2	-15.2	-13.1
13	16:11:43	13.656750	-16.8	-15.2	-12.8
13	17:09:45	13.695972	-23.3	-22.3	-20.6
13	17:38:46	13.715581	-29.4	-28.6	-27.4
13	18:36:47	13.754795	-44.8	-44.5	-44.5
13	19:05:48	13.774406	-48.9	-48.9	-49.5
13	19:34:49	13.794018	-50.5	-50.6	-51.5
13	20:03:50	13.813629	-53.2	-53.4	-54.4
13	20:32:51	13.833240	-55.2	-55.5	-56.6
13	21:01:52	13.852852	-60.2	-60.6	-61.6
13	21:30:53	13.872463	-62.6	-62.7	-63.2
13	21:59:54	13.892074	-63.7	-64.1	-65.1
13	22:28:55	13.911686	-65.0	-65.4	-66.1
13	22:57:56	13.931297	-64.2	-64.6	-65.4
13	23:26:57	13.950908	-65.5	-65.8	-66.7
13	24:24:59	13.990131	-66.2	-66.6	-67.4
14	00:14:24	14.009731	-64.8	-65.2	-71.2
14	00:43:25	14.029342	-65.6	-66.1	-72.1
14	01:12:26	14.048954	-68.0	-68.4	-72.6
14	01:41:27	14.068565	-67.7	-68.3	-71.6
14	02:10:28	14.088176	-68.2	-68.7	-71.3
14	02:39:29	14.107788	-70.0	-70.5	-73.4
14	03:08:30	14.127399	-68.6	-69.1	-74.0
14	03:37:31	14.147010	-69.3	-69.6	-74.8
14	04:06:32	14.166622	-71.0	-71.3	-75.3
14	04:35:33	14.186233	-72.7	-72.8	-73.1
14	05:04:34	14.205844	-73.0	-73.2	-73.8
14	05:33:35	14.225456	-75.6	-76.0	-77.1
14	06:02:36	14.245067	-73.8	-73.9	-74.9
14	06:31:37	14.264678	-67.2	-67.9	-68.8
14	15:13:43	14.617547	-17.3	-15.0	-12.3
14	15:42:43	14.637147	-16.3	-14.4	-11.4
14	16:11:44	14.656758	-16.9	-15.2	-12.9
14	16:40:45	14.676370	-19.1	-18.0	-15.5
14	17:09:46	14.695981	-23.5	-22.5	-20.7
14	17:38:47	14.715592	-29.7	-28.8	-27.7
14	18:36:49	14.754815	-44.4	-44.2	-44.4
14	19:05:50	14.774426	-47.1	-47.2	-48.2
14	19:34:51	14.794037	-51.1	-51.4	-52.2
14	20:03:52	14.813649	-52.7	-53.0	-53.9
14	20:32:53	14.833260	-57.1	-57.5	-58.6
14	21:01:54	14.852871	-59.6	-59.8	-60.3
14	21:30:55	14.872483	-63.1	-63.1	-64.4
14	21:59:56	14.892094	-64.7	-64.6	-65.6
14	22:28:58	14.911712	-62.9	-63.6	-64.7
14	22:57:58	14.931317	-63.2	-63.7	-64.8
14	23:26:59	14.950928	-64.3	-64.6	-65.5
14	23:55:60	14.970539	-65.0	-65.1	-66.1
14	24:25:01	14.990151	-65.2	-65.6	-66.4
15	00:14:27	15.009762	-65.8	-66.1	-68.9
15	00:43:28	15.029373	-64.9	-65.5	-70.9
15	01:12:29	15.048985	-66.2	-66.7	-71.3
15	01:41:30	15.068596	-67.8	-68.2	-71.3
15	02:10:31	15.088207	-68.6	-69.1	-72.1
15	02:39:32	15.107819	-68.5	-68.9	-73.2
15	03:08:33	15.127430	-68.8	-69.2	-73.6
15	03:37:34	15.147041	-69.7	-70.2	-74.0
15	04:06:35	15.166653	-69.8	-70.1	-75.1
15	04:35:36	15.186264	-72.0	-72.1	-75.2
15	05:04:37	15.205875	-71.9	-72.2	-75.5
15	05:33:38	15.225487	-76.0	-76.9	-78.2
15	06:02:39	15.245098	-73.9	-74.3	-75.7
15	06:31:40	15.264709	-67.1	-67.7	-68.6
15	15:28:05	15.627254	-15.1	-13.5	-10.2
15	15:57:05	15.646854	-18.7	-16.7	-14.6
15	16:26:06	15.666465	-18.5	-17.1	-14.7
15	16:55:07	15.686077	-22.9	-21.7	-20.0
15	17:24:08	15.705688	-26.9	-26.2	-24.7
15	17:53:09	15.725299	-34.2	-33.6	-32.6
15	18:22:10	15.744911	-41.4	-41.2	-41.2
15	18:51:11	15.764522	-48.2	-47.8	-48.0
15	19:20:12	15.784133	-48.4	-48.4	-49.2
15	19:49:13	15.803745	-52.1	-52.4	-53.4
15	20:18:14	15.823356	-56.2	-56.5	-57.3
15	20:47:15	15.842967	-59.2	-59.5	-60.6
15	21:16:16	15.862579	-57.9	-58.4	-59.3
15	21:45:17	15.882190	-64.2	-64.0	-64.9
15	22:14:18	15.901801	-63.2	-63.7	-65.3
15	22:43:19	15.921412	-66.2	-66.7	-68.0
15	23:12:20	15.941024	-68.0	-68.1	-69.4
15	23:41:21	15.960635	-64.4	-64.8	-65.6
15	24:10:22	15.980246	-66.3	-66.5	-66.9
15	24:39:23	15.999858	-65.8	-66.1	-67.5
16	00:28:48	16.019469	-64.9	-65.4	-70.4
16	00:57:49	16.039080	-66.0	-66.5	-72.4
16	01:26:50	16.058692	-68.1	-68.6	-71.2
16	01:55:51	16.078303	-70.1	-70.3	-72.7
16	02:24:52	16.097914	-69.7	-70.0	-72.3
16	02:53:53	16.117526	-68.5	-69.0	-74.2
16	03:22:54	16.137137	-68.9	-69.4	-74.0
16	03:51:55	16.156748	-70.9	-71.1	-76.6
16	04:20:56	16.176360	-72.5	-72.9	-77.6
16	04:49:57	16.195971	-75.6	-76.4	-77.9
16	05:18:58	16.215582	-77.2	-78.3	-80.2
16	05:47:59	16.235194	-76.7	-77.8	-79.7
16	06:17:00	16.254805	-71.1	-71.1	-71.3
16	06:46:01	16.274416	-64.7	-64.7	-63.7
16	07:15:02	16.294028	-63.3	-62.7	-58.4
16	07:44:03	16.313639	-59.2	-57.8	-56.1
16	08:13:04	16.333250	-54.9	-53.5	-49.2
16	08:42:05	16.352862	-49.0	-47.0	-44.3
16	09:11:06	16.372473	-44.3	-43.3	-39.3
18	07:06:27	18.288221	-65.1	-64.3	-63.1
18	07:35:28	18.307832	-60.1	-58.8	-57.7
18	08:04:29	18.327443	-55.7	-53.8	-52.1
18	08:33:30	18.347055	-50.5	-48.5	-46.0
18	09:02:31	18.366666	-45.9	-44.1	-40.0
18	09:31:32	18.386277	-42.6	-40.3	-34.8
18	10:00:33	18.405889	-36.4	-33.9	-29.3
18	10:29:35	18.425511	-32.9	-30.0	-27.1
18	10:58:36	18.445123	-29.7	-26.4	-23.2
18	11:27:37	18.464734	-27.5	-23.7	-19.8
18	11:56:38	18.484345	-25.1	-21.4	-17.7
18	12:25:38	18.503945	-20.9	-16.8	-13.7
18	12:54:39	18.523557	-24.2	-20.7	-16.6
18	14:50:41	18.601985	-13.0	-10.8	-7.5
18	15:19:41	18.621579	-13.5	-11.6	-8.1
18	15:48:42	18.641191	-17.4	-15.5	-13.2
18	16:17:42	18.660791	-17.5	-16.0	-13.8
18	16:46:42	18.680391	-21.1	-20.6	-18.3
18	17:44:44	18.719614	-31.7	-32.0	-31.2
18	18:13:45	18.739225	-40.0	-39.9	-40.0
18	18:42:46	18.758836	-46.1	-46.0	-46.6
18	19:11:47	18.778448	-47.5	-47.6	-48.4
18	19:40:48	18.798059	-50.7	-51.1	-51.9
18	20:09:49	18.817670	-53.9	-54.0	-54.9
18	21:36:53	18.876515	-62.8	-62.7	-63.3
18	22:05:54	18.896127	-65.0	-64.9	-66.3
19	10:00:49	19.406066	-36.9	-34.2	-31.1
19	10:29:50	19.425677	-34.4	-31.4	-28.4
19	10:58:51	19.445289	-29.7	-25.9	-23.4
19	11:27:52	19.464900	-29.0	-25.2	-21.6
19	11:56:53	19.484511	-26.0	-22.3	-19.1
19	12:25:53	19.504112	-23.9	-20.1	-16.7
19	12:54:55	19.523734	-19.4	-14.7	-11.3
19	13:23:54	19.543323	-18.5	-14.9	-11.9
19	13:52:54	19.562923	-19.5	-15.9	-12.0
19	14:21:55	19.582534	-16.2	-13.3	-10.1
19	14:50:55	19.602134	-13.1	-10.7	-7.5
19	16:46:58	19.680568	-21.3	-21.2	-18.9
19	17:15:59	19.700180	-26.8	-26.8	-25.6
19	17:44:60	19.719791	-32.8	-32.8	-32.3
19	18:14:01	19.739402	-40.1	-40.1	-40.3
19	18:43:02	19.759014	-47.1	-46.9	-47.3
19	19:12:03	19.778625	-49.1	-49.2	-50.0
19	19:41:05	19.798248	-52.5	-52.7	-53.2
20	02:16:46	20.092440	-70.6	-70.8	-73.0
20	02:45:47	20.112051	-70.3	-70.7	-73.8
20	03:14:48	20.131663	-70.0	-70.4	-74.3
20	03:43:49	20.151274	-69.8	-70.3	-73.9
20	07:06:57	20.288564	-63.4	-62.9	-61.9
20	07:35:58	20.308176	-60.3	-59.1	-57.9
20	08:04:58	20.327776	-56.5	-55.0	-52.6
20	08:33:59	20.347387	-52.7	-51.0	-47.5
20	10:01:02	20.406221	-39.3	-36.8	-32.1
20	10:30:02	20.425821	-37.2	-33.8	-30.0
20	10:59:03	20.445432	-31.9	-28.8	-25.1
20	11:28:04	20.465044	-29.4	-26.1	-20.9
20	11:57:06	20.484666	-24.7	-20.6	-17.0
20	12:26:06	20.504266	-23.8	-20.1	-16.4
20	13:24:06	20.543467	-18.7	-14.2	-11.0
20	13:53:06	20.563067	-17.2	-13.8	-10.7
20	14:22:06	20.582667	-16.0	-13.2	-10.3
20	14:51:06	20.602267	-19.1	-16.6	-13.5
20	15:20:08	20.621889	-17.1	-14.9	-11.8
20	15:49:07	20.641478	-17.4	-16.9	-13.8
20	16:18:07	20.661078	-18.2	-16.5	-13.9
20	16:47:07	20.680678	-21.6	-20.8	-18.5
20	17:16:08	20.700289	-26.4	-25.9	-24.3
20	17:45:09	20.719901	-32.5	-32.3	-31.4
20	18:14:10	20.739512	-40.2	-40.2	-40.2
20	18:43:12	20.759135	-46.7	-46.6	-47.1
20	19:12:13	20.778746	-48.9	-49.1	-50.2
20	19:41:14	20.798357	-51.4	-51.6	-52.3
20	20:10:15	20.817969	-54.1	-54.2	-55.2
20	20:39:16	20.837580	-56.6	-57.0	-57.8
20	21:08:17	20.857191	-61.7	-61.5	-62.3
20	21:37:18	20.876803	-63.8	-63.8	-64.8
20	22:06:20	20.896425	-65.4	-65.6	-66.8
20	22:35:21	20.916037	-64.5	-65.4	-66.7
20	23:04:22	20.935648	-64.7	-65.3	-66.6
20	23:33:23	20.955259	-67.2	-67.7	-69.0
20	24:02:24	20.974871	-66.7	-67.2	-68.4
20	24:31:25	20.994482	-67.0	-67.4	-68.5
21	00:20:51	21.014093	-67.5	-68.4	-70.4
21	00:49:53	21.033716	-66.2	-66.8	-71.4
21	01:18:54	21.053327	-68.9	-69.3	-72.6
21	01:47:55	21.072938	-70.3	-70.6	-73.4
21	02:16:56	21.092550	-70.7	-71.0	-74.5
21	02:45:57	21.112161	-70.7	-71.0	-74.0
21	03:14:58	21.131772	-70.8	-71.2	-73.6
21	03:43:59	21.151384	-72.6	-72.8	-74.9
21	04:13:01	21.171006	-75.3	-76.2	-77.9
21	04:42:02	21.190618	-75.4	-76.5	-78.6
21	05:11:03	21.210229	-76.6	-77.1	-78.9
21	05:40:04	21.229840	-76.1	-76.5	-78.4
21	06:09:06	21.249459	-72.4	-72.5	-73.3
21	06:38:06	21.269063	-66.5	-66.7	-66.5
21	07:07:07	21.288674	-61.8	-61.6	-59.7
21	07:36:10	21.308304	-59.2	-58.3	-56.7
21	08:05:10	21.327908	-54.1	-52.8	-50.8
21	08:34:11	21.347519	-51.6	-50.2	-47.2
21	09:03:12	21.367131	-48.4	-46.3	-42.2
21	09:32:13	21.386742	-41.9	-39.7	-36.0
21	10:30:15	21.425965	-36.4	-33.2	-29.7
21	10:59:17	21.445587	-33.7	-30.5	-24.8
21	11:28:18	21.465199	-28.3	-24.9	-21.0
21	11:57:19	21.484810	-26.9	-23.1	-19.2
21	12:26:19	21.504410	-24.2	-20.3	-16.7
21	12:55:19	21.524010	-20.0	-15.0	-11.3
21	13:24:19	21.543610	-25.0	-21.4	-16.3
21	13:53:20	21.563221	-14.3	-10.8	-7.4
21	14:22:21	21.582833	-14.1	-11.7	-8.4
21	14:51:21	21.602433	-13.2	-11.0	-7.4
21	15:20:21	21.622033	-13.2	-11.5	-8.1
21	15:49:21	21.641633	-15.6	-14.3	-11.3
21	16:18:21	21.661233	-18.2	-16.6	-14.0
21	16:47:21	21.680833	-21.4	-20.8	-18.5
21	17:16:23	21.700450	-26.2	-25.7	-24.1
21	17:45:24	21.720067	-32.9	-32.9	-32.4
21	18:14:23	21.739656	-40.1	-40.6	-40.8
21	19:20:43	21.784488	-49.7	-50.2	-51.0
21	19:23:55	21.786651	-50.5	-50.9	-51.7
21	19:41:24	21.798467	-51.3	-51.6	-52.6
21	20:10:25	21.818079	-54.2	-54.2	-55.2
21	20:39:25	21.837679	-59.0	-59.2	-60.2
21	21:08:27	21.857301	-61.0	-61.4	-62.3
21	21:37:28	21.876912	-62.0	-62.7	-64.4
21	22:06:29	21.896524	-63.3	-63.6	-64.8
21	22:35:30	21.916135	-65.4	-66.2	-68.1
21	23:04:31	21.935746	-64.9	-65.8	-67.4
21	23:33:32	21.955358	-64.5	-65.4	-66.8
21	24:02:33	21.974969	-65.6	-65.8	-67.9
21	24:31:35	21.994592	-67.0	-67.2	-67.6
22	00:21:01	22.014203	-66.8	-67.5	-72.7
22	00:50:02	22.033814	-68.1	-68.3	-70.4
22	01:19:03	22.053426	-69.0	-69.4	-71.9
22	01:48:04	22.073037	-71.2	-71.4	-76.0
22	02:17:05	22.092648	-70.9	-71.2	-73.3
22	02:46:06	22.112260	-71.3	-71.6	-74.8
22	03:15:08	22.131882	-70.8	-71.1	-73.6
22	03:44:09	22.151494	-72.8	-73.1	-75.6
22	04:13:10	22.171105	-74.0	-74.4	-75.7
22	04:42:11	22.190716	-76.9	-77.6	-79.6
22	05:11:12	22.210327	-76.2	-76.8	-79.0
22	05:40:13	22.229939	-74.6	-74.8	-76.1
22	06:49:24	22.276696	-66.5	-66.5	-66.0
22	06:52:36	22.278859	-65.6	-65.6	-64.9
22	08:05:07	22.327872	-50.9	-50.3	-49.1
22	08:34:08	22.347483	-50.7	-49.0	-46.3
22	09:32:10	22.386705	-43.1	-40.7	-36.7
22	10:01:11	22.406317	-39.7	-36.6	-32.9
22	10:30:12	22.425928	-33.8	-30.8	-25.3
22	10:59:13	22.445539	-30.9	-27.8	-24.5
22	11:28:16	22.465175	-31.9	-28.4	-23.6
22	11:57:14	22.484751	-24.7	-21.1	-17.9
22	12:26:14	22.504351	-26.6	-23.1	-18.3
22	12:55:15	22.523962	-20.5	-16.2	-12.9
22	13:24:15	22.543562	-22.1	-18.0	-14.5
22	13:53:16	22.563174	-20.6	-17.4	-14.1
22	14:22:16	22.582774	-17.7	-15.0	-12.0
22	14:51:17	22.602385	-18.4	-15.7	-13.1
22	15:20:16	22.621974	-14.9	-13.6	-10.8
22	15:49:16	22.641574	-15.8	-14.6	-11.6
22	16:18:17	22.661185	-19.5	-17.7	-15.6
22	16:47:18	22.680796	-21.3	-20.4	-18.0
22	17:16:19	22.700408	-26.0	-25.7	-24.2
22	17:45:20	22.720019	-32.5	-32.4	-31.6
22	18:14:22	22.739642	-40.9	-40.9	-40.8
23	14:51:33	23.602562	-13.3	-11.2	-7.7
23	15:20:33	23.622162	-15.7	-13.4	-10.5
23	15:49:33	23.641762	-15.8	-13.8	-11.3
23	16:18:34	23.661374	-17.6	-16.3	-13.6
23	16:47:35	23.680985	-22.4	-22.2	-20.1
23	17:16:37	23.700613	-26.1	-25.8	-24.4
23	17:45:38	23.720219	-32.2	-32.4	-31.6
23	18:14:38	23.739819	-40.2	-40.3	-40.4
23	18:43:39	23.759430	-47.6	-47.4	-47.6
23	19:12:39	23.779030	-49.0	-49.4	-50.5
23	19:41:39	23.798631	-51.3	-51.6	-52.6
23	20:10:40	23.818242	-53.8	-53.9	-55.1
23	21:22:24	23.866724	-61.3	-62.9	-64.3
23	21:40:48	23.879160	-61.3	-62.4	-63.6
23	21:43:60	23.881322	-61.9	-63.3	-64.6
23	22:06:44	23.896687	-62.9	-63.5	-64.6
23	22:35:45	23.916298	-64.7	-65.3	-66.2
23	23:04:46	23.935910	-66.6	-67.0	-68.2
23	23:33:47	23.955521	-65.7	-66.3	-67.6
23	24:02:49	23.975144	-66.2	-66.3	-66.8
23	24:31:50	23.994755	-66.7	-66.9	-67.4
24	00:21:15	24.014366	-66.7	-67.0	-69.8
24	00:50:16	24.033978	-67.8	-68.3	-70.3
24	01:19:17	24.053589	-68.7	-69.0	-71.1
24	01:48:18	24.073200	-69.0	-69.4	-71.6
24	02:17:19	24.092812	-71.2	-71.5	-76.1
24	02:46:21	24.112434	-70.0	-70.3	-72.8
24	03:15:22	24.132046	-70.4	-70.9	-74.4
24	03:44:23	24.151657	-72.7	-72.9	-74.4
24	04:13:24	24.171268	-74.1	-74.7	-76.8
24	04:42:25	24.190879	-77.2	-78.3	-80.1
24	05:11:26	24.210491	-75.5	-75.9	-77.2
24	05:40:27	24.230102	-75.9	-76.2	-77.6
24	06:09:29	24.249725	-73.0	-73.6	-75.0
24	06:38:30	24.269336	-67.7	-67.5	-67.3
24	07:07:31	24.288947	-64.0	-63.4	-62.6
24	07:36:31	24.308547	-55.9	-56.1	-54.8
24	08:05:32	24.328159	-53.4	-53.1	-51.0
24	08:34:33	24.347770	-43.3	-43.9	-42.3
24	09:03:34	24.367381	-45.4	-44.0	-40.9
24	09:32:36	24.387004	-42.2	-39.4	-36.1
24	10:01:37	24.406615	-39.9	-36.5	-32.7
24	10:30:39	24.426228	-35.8	-32.2	-28.9
24	10:59:39	24.445838	-31.8	-28.1	-24.1
24	11:28:39	24.465438	-29.6	-26.4	-20.5
24	11:57:39	24.485038	-27.3	-23.5	-19.4
24	12:26:39	24.504638	-21.0	-16.6	-12.9
24	12:55:40	24.524249	-20.9	-16.6	-13.2
24	13:24:39	24.543838	-16.7	-12.5	-9.0
24	13:53:39	24.563438	-15.2	-12.0	-7.8
24	14:22:40	24.583050	-16.2	-13.3	-10.0
24	14:51:40	24.602650	-14.3	-12.0	-8.3
24	15:20:40	24.622250	-14.7	-14.0	-10.5
24	15:49:40	24.641850	-14.7	-12.8	-10.3
24	16:18:41	24.661461	-17.5	-16.1	-13.5
24	16:47:42	24.681072	-20.5	-20.1	-17.8
24	17:16:43	24.700684	-25.5	-24.9	-23.4
24	17:45:44	24.720295	-32.7	-32.7	-32.0
24	18:14:45	24.739906	-40.9	-40.8	-40.9
24	18:43:46	24.759518	-46.0	-46.0	-46.8
24	19:12:47	24.779129	-49.5	-49.7	-50.5
24	19:41:49	24.798752	-50.2	-50.2	-51.3
24	20:10:50	24.818363	-53.9	-54.6	-55.9
24	20:39:51	24.837974	-59.0	-59.4	-60.3
24	21:08:52	24.857586	-59.9	-60.8	-62.4
24	21:37:53	24.877197	-62.2	-62.7	-63.9
24	22:06:54	24.896808	-64.6	-64.8	-66.5
24	22:35:55	24.916420	-66.8	-66.9	-68.2
24	23:04:57	24.936042	-64.7	-65.1	-66.3
24	24:32:33	24.995248	-67.4	-67.7	-68.3
24	24:35:45	24.997411	-67.6	-67.8	-68.3
24	24:38:57	24.999573	-67.8	-67.9	-68.5
25	00:21:26	25.014487	-67.3	-67.5	-68.2
25	01:51:06	25.075090	-70.2	-70.5	-71.9
25	01:54:18	25.077253	-70.4	-70.8	-72.2
25	01:57:30	25.079415	-70.3	-70.6	-71.9
25	02:17:31	25.092944	-71.3	-71.5	-72.7
25	02:46:32	25.112555	-72.1	-72.6	-74.6
25	03:15:33	25.132167	-71.2	-71.7	-74.5
25	03:44:34	25.151778	-71.0	-71.4	-77.6
25	04:13:35	25.171389	-74.3	-75.1	-76.6
25	04:42:36	25.191001	-77.6	-78.7	-80.7
25	05:11:38	25.210623	-78.3	-79.2	-81.2
25	05:40:37	25.230212	-74.6	-75.4	-76.9
26	06:05:06	26.246757	-72.3	-73.4	-74.8
26	06:34:07	26.266368	-67.7	-68.0	-66.4
26	08:05:11	26.327917	-56.5	-55.2	-50.9
26	08:08:23	26.330079	-50.7	-50.8	-46.6
26	08:16:39	26.335668	-52.7	-52.5	-50.1
26	08:30:11	26.344813	-52.9	-51.5	-44.0
26	08:59:12	26.364424	-48.7	-47.1	-42.5
26	09:28:14	26.384047	-43.6	-41.0	-37.5
26	09:57:15	26.403658	-41.6	-38.9	-34.0
26	10:26:16	26.423270	-37.1	-33.8	-28.3
26	10:55:17	26.442881	-32.7	-29.7	-25.2
26	11:24:18	26.462492	-28.1	-25.1	-20.5
26	11:53:19	26.482104	-26.5	-23.2	-19.0
26	12:22:19	26.501704	-24.8	-20.7	-15.6
26	12:51:21	26.521326	-20.3	-16.3	-12.8
26	13:20:20	26.540915	-20.6	-16.8	-13.3
26	13:49:20	26.560515	-16.6	-12.8	-8.6
26	14:18:20	26.580115	-15.4	-12.6	-9.3
26	14:47:20	26.599715	-13.0	-10.9	-7.6
26	15:16:20	26.619315	-14.3	-12.7	-9.2
26	15:45:21	26.638927	-16.7	-14.6	-12.1
26	16:14:23	26.658549	-17.1	-16.2	-13.6
26	16:47:56	26.681226	-20.9	-20.6	-18.5
26	17:12:25	26.697772	-25.6	-25.5	-24.1
26	17:41:26	26.717383	-31.9	-31.8	-31.1
26	18:10:27	26.736995	-40.0	-40.0	-39.9
26	18:39:28	26.756606	-45.5	-45.6	-46.4
26	19:08:29	26.776217	-47.4	-47.5	-48.3
26	19:37:31	26.795841	-51.6	-51.6	-52.6
26	20:06:32	26.815451	-55.5	-56.1	-57.1
26	20:35:33	26.835062	-59.2	-59.4	-60.1
26	21:04:34	26.854674	-61.5	-61.4	-62.2
26	21:33:35	26.874285	-62.4	-62.8	-64.2
26	22:02:36	26.893896	-65.5	-65.4	-66.4
26	22:31:37	26.913508	-65.4	-65.6	-67.3
26	23:00:39	26.933130	-67.1	-67.2	-68.4
26	23:29:40	26.952742	-64.7	-65.0	-65.9
26	23:58:41	26.972353	-66.1	-66.2	-66.8
26	24:27:42	26.991964	-67.0	-67.3	-69.8
27	00:17:08	27.011576	-67.5	-68.0	-73.9
27	00:46:09	27.031187	-66.9	-67.4	-72.0
27	01:15:10	27.050798	-68.2	-68.5	-70.4
27	01:44:12	27.070421	-70.0	-70.3	-72.1
27	02:13:13	27.090032	-69.9	-70.2	-72.5
27	02:42:14	27.109643	-70.2	-70.5	-72.8
27	03:53:45	27.157979	-70.6	-70.8	-76.0
27	03:56:57	27.160142	-70.6	-71.0	-75.9
27	04:09:17	27.168477	-71.0	-71.3	-76.1
27	04:38:18	27.188089	-74.7	-75.6	-77.2
27	05:07:20	27.207711	-77.3	-78.0	-79.7
27	05:36:21	27.227323	-75.9	-76.9	-78.7
27	06:05:22	27.246934	-73.4	-74.0	-75.5
27	06:34:23	27.266545	-66.5	-67.3	-67.9
27	07:03:24	27.286157	-62.2	-62.2	-58.4
27	07:32:25	27.305768	-57.8	-57.4	-54.6
27	09:01:59	27.366303	-50.9	-48.7	-41.6
27	09:05:11	27.368466	-49.7	-48.4	-40.7
27	09:28:39	27.384327	-43.5	-41.1	-37.8
27	09:31:51	27.386490	-42.9	-40.7	-37.0
27	09:57:29	27.403813	-39.5	-36.2	-32.7
27	10:26:29	27.423413	-36.6	-33.8	-27.2
27	10:55:30	27.443025	-31.9	-28.5	-24.1
27	11:24:31	27.462636	-27.6	-24.0	-20.3
27	11:53:33	27.482259	-22.6	-18.3	-15.4
27	12:23:04	27.502211	-21.1	-17.5	-13.7
27	12:51:32	27.521447	-24.4	-20.6	-16.4
27	13:20:33	27.541059	-21.2	-17.3	-14.1
27	13:49:33	27.560659	-15.8	-12.3	-8.8
27	14:18:34	27.580270	-13.9	-11.2	-8.4
27	14:47:34	27.599870	-17.6	-15.2	-12.6
27	15:45:35	27.639082	-14.6	-13.5	-10.7
27	16:14:35	27.658682	-17.2	-15.6	-13.1
27	16:43:36	27.678293	-20.8	-19.6	-17.5
27	17:12:37	27.697904	-26.0	-25.7	-24.3
27	18:18:57	27.742737	-41.0	-41.7	-42.0
27	18:22:09	27.744899	-41.6	-42.2	-42.7
27	18:39:41	27.756749	-44.8	-45.1	-46.0
27	19:08:42	27.776361	-48.6	-48.9	-49.6
27	19:37:43	27.795972	-50.8	-50.9	-51.8
27	20:06:43	27.815572	-55.4	-55.5	-56.5
27	20:35:43	27.835172	-58.4	-58.8	-59.7
27	21:04:44	27.854784	-59.7	-60.4	-61.5
27	21:33:45	27.874395	-62.4	-62.6	-63.8
27	22:02:47	27.894017	-65.2	-65.4	-66.9
27	22:31:48	27.913629	-62.9	-63.8	-65.1
27	23:00:49	27.933240	-64.9	-65.3	-66.8
27	23:29:50	27.952851	-64.8	-65.1	-66.2
27	23:58:51	27.972463	-66.1	-66.3	-66.9
27	24:27:51	27.992063	-67.0	-67.5	-71.3
28	00:17:16	28.011674	-67.2	-67.8	-72.8
28	00:46:18	28.031297	-68.2	-68.9	-72.2
28	01:15:19	28.050908	-68.3	-68.7	-70.6
28	01:44:20	28.070519	-70.2	-70.5	-72.0
28	02:13:21	28.090131	-70.5	-70.7	-72.5
28	02:42:22	28.109742	-69.1	-69.6	-73.5
28	03:11:23	28.129353	-68.8	-69.4	-73.6
28	03:40:24	28.148965	-70.5	-70.9	-75.1
28	04:55:12	28.199519	-74.4	-76.3	-78.2
28	05:13:36	28.211955	-75.0	-76.0	-77.6
28	05:16:48	28.214118	-75.6	-77.0	-79.0
28	05:36:28	28.227410	-74.6	-75.1	-76.7
28	06:05:29	28.247021	-73.6	-74.4	-76.1
28	06:34:30	28.266633	-68.3	-68.5	-68.9
28	07:03:31	28.286244	-64.5	-64.2	-63.3
28	07:32:33	28.305867	-56.1	-56.6	-55.5
28	08:01:34	28.325478	-48.6	-49.4	-48.3
28	08:30:35	28.345089	-43.2	-43.1	-42.0
28	08:59:36	28.364700	-41.5	-40.3	-38.8
28	09:28:37	28.384312	-39.7	-37.5	-35.1
28	09:57:38	28.403923	-41.8	-39.0	-34.4
28	10:26:39	28.423534	-35.4	-31.8	-28.3
28	10:55:41	28.443157	-33.8	-31.2	-23.7
28	11:24:42	28.462768	-29.2	-25.7	-21.9
28	11:53:43	28.482380	-25.8	-21.8	-18.3
28	12:22:44	28.501991	-22.2	-17.8	-15.0
28	12:51:44	28.521591	-23.6	-19.1	-15.5
28	13:20:44	28.541191	-18.4	-14.3	-11.0
28	13:49:44	28.560791	-13.4	-9.6	-6.1
28	14:18:46	28.580414	-12.2	-9.4	-6.2
28	14:47:45	28.600003	-13.1	-11.0	-7.7
28	15:16:45	28.619603	-13.9	-11.8	-9.1
28	15:45:45	28.639203	-14.6	-12.8	-9.9
28	17:14:50	28.699411	-25.5	-26.0	-24.7
28	17:18:02	28.701574	-26.0	-26.4	-25.2
28	17:26:19	28.707171	-27.8	-28.3	-27.4
28	17:41:50	28.717659	-32.3	-32.7	-32.1
28	18:10:51	28.737271	-39.8	-40.2	-40.3
28	18:39:52	28.756882	-45.9	-46.0	-46.7
28	19:08:53	28.776493	-46.9	-47.0	-48.0
28	19:37:54	28.796104	-51.0	-51.2	-52.1
28	20:06:55	28.815716	-58.1	-58.2	-58.7
28	20:35:56	28.835327	-58.4	-58.7	-59.7
28	21:04:58	28.854950	-63.1	-63.0	-63.8
28	21:33:59	28.874561	-61.6	-62.5	-63.7
28	22:03:00	28.894172	-66.0	-66.0	-67.2
28	23:24:44	28.949413	-65.2	-65.5	-66.8
28	23:27:56	28.951576	-64.7	-65.1	-65.8
28	23:31:08	28.953739	-64.4	-64.7	-65.4
28	23:59:04	28.972618	-65.7	-65.9	-66.6
28	24:28:06	28.992240	-66.6	-67.0	-68.5
29	00:17:32	29.011852	-68.1	-68.6	-69.7
29	00:46:33	29.031463	-68.7	-69.1	-70.8
29	01:15:34	29.051076	-68.2	-68.7	-70.3
29	01:44:35	29.070686	-69.9	-70.3	-72.7
29	02:13:35	29.090286	-70.7	-71.1	-73.4
29	02:42:36	29.109897	-71.8	-72.0	-73.9
29	03:11:38	29.129519	-71.5	-71.8	-73.7
29	03:40:39	29.149131	-72.3	-72.7	-74.7
29	04:09:40	29.168744	-72.7	-73.1	-74.8
29	04:38:41	29.188353	-73.7	-74.2	-75.9
29	05:56:42	29.241082	-74.0	-76.0	-77.7
29	05:59:54	29.243245	-73.6	-75.4	-76.9
29	06:05:44	29.247187	-72.7	-73.3	-73.9
29	06:34:46	29.266810	-69.2	-69.0	-68.5
29	07:03:47	29.286421	-64.7	-64.3	-63.3
29	07:32:48	29.306033	-60.5	-59.7	-58.3
29	08:01:49	29.325644	-51.8	-52.4	-50.7
29	08:30:49	29.345244	-48.2	-47.2	-44.3
29	08:59:50	29.364855	-47.1	-45.5	-40.6
29	09:28:51	29.384467	-40.9	-38.2	-35.6
29	10:26:54	29.423701	-36.4	-33.2	-28.4
29	10:55:55	29.443312	-32.7	-29.3	-25.6
29	11:24:56	29.462923	-29.1	-25.5	-21.7
29	11:53:57	29.482535	-22.8	-18.4	-15.0
29	12:22:58	29.502146	-19.8	-14.3	-10.9
29	12:51:59	29.521757	-19.8	-15.6	-12.3
29	13:21:01	29.541380	-19.2	-14.8	-11.2
29	13:50:02	29.560991	-21.3	-18.0	-14.3
29	14:19:03	29.580602	-13.5	-11.6	-7.5
29	14:48:04	29.600214	-15.5	-13.4	-10.0
29	15:17:05	29.619825	-14.7	-13.8	-10.3
29	15:46:06	29.639436	-15.7	-14.8	-11.8
29	16:15:07	29.659048	-17.1	-16.1	-13.3
29	16:44:09	29.678670	-22.7	-22.7	-20.7
29	17:13:10	29.698282	-26.6	-27.0	-26.2
29	17:42:11	29.717893	-32.5	-32.6	-32.2
29	18:11:12	29.737504	-40.0	-40.2	-40.7
29	18:40:13	29.757116	-42.6	-42.8	-44.0
29	19:09:14	29.776727	-48.1	-48.3	-49.2
29	19:38:15	29.796338	-53.0	-53.5	-54.2
29	20:07:17	29.815961	-57.5	-57.7	-58.4
29	20:36:18	29.835572	-59.8	-60.4	-61.0
29	21:05:19	29.855183	-61.4	-61.5	-62.4
29	21:34:20	29.874795	-62.5	-63.1	-64.8
29	22:03:21	29.894406	-65.0	-65.1	-66.2
29	22:32:22	29.914017	-62.5	-63.2	-65.3
29	23:01:23	29.933629	-64.5	-65.3	-66.4
29	23:30:25	29.953251	-64.6	-64.8	-65.4
29	23:59:26	29.972863	-66.1	-66.2	-66.6
29	24:28:27	29.992474	-67.4	-67.7	-68.5
30	00:17:53	30.012085	-70.4	-71.4	-73.6
30	00:46:53	30.031685	-69.1	-69.7	-71.1
30	01:15:54	30.051297	-68.9	-69.4	-71.0
30	01:44:55	30.070908	-69.3	-69.8	-73.3
30	02:13:57	30.090531	-69.9	-70.3	-73.8
30	02:42:57	30.110131	-71.8	-72.2	-73.4
30	03:11:58	30.129742	-73.0	-73.6	-75.2
30	03:40:59	30.149353	-73.1	-73.7	-75.1
30	04:09:60	30.168965	-74.4	-75.1	-76.8
30	04:39:01	30.188576	-73.6	-74.4	-76.2
30	05:08:02	30.208187	-75.5	-76.1	-77.3
30	05:37:04	30.227810	-74.4	-74.9	-76.0
30	06:06:05	30.247421	-72.4	-72.5	-73.0
30	06:35:06	30.267032	-68.6	-68.4	-66.8
30	07:04:07	30.286644	-64.9	-64.2	-63.0
30	07:33:08	30.306255	-59.9	-59.1	-57.6
30	08:02:09	30.325866	-55.4	-54.2	-49.4
30	08:31:10	30.345478	-51.0	-48.9	-46.1
30	09:00:12	30.365100	-46.4	-44.0	-40.7
30	09:29:13	30.384712	-39.6	-37.6	-34.4
30	09:58:14	30.404323	-39.4	-36.5	-32.5
30	10:27:15	30.423934	-35.2	-31.8	-28.4
30	10:56:15	30.443534	-27.9	-24.8	-20.9
30	11:25:15	30.463134	-32.3	-28.8	-22.5
30	11:54:15	30.482734	-27.7	-24.2	-19.9
30	12:23:16	30.502346	-18.2	-13.5	-10.6
30	12:52:16	30.521946	-17.8	-13.6	-10.3
30	13:21:16	30.541546	-17.1	-12.8	-9.2
33	09:53:19	33.401003	-39.8	-37.3	-31.6
33	10:22:18	33.420592	-34.9	-31.4	-27.7
33	10:51:18	33.440192	-31.7	-28.0	-23.9
33	11:20:18	33.459792	-31.8	-29.3	-20.7
33	11:49:18	33.479392	-22.7	-18.5	-14.8
33	12:18:18	33.498992	-25.3	-21.6	-16.3
33	12:47:19	33.518603	-19.4	-15.3	-11.9
33	13:16:20	33.538214	-20.4	-16.7	-13.4
33	13:45:51	33.558165	-18.3	-15.4	-11.9
33	14:14:19	33.577403	-15.6	-12.4	-9.0
33	14:43:20	33.597015	-13.2	-10.9	-7.6
35	09:05:40	35.368794	-46.5	-44.4	-38.7
35	09:36:16	35.389475	-42.0	-40.0	-33.2
35	10:03:06	35.407612	-37.2	-34.6	-30.0
35	10:33:42	35.428294	-34.7	-31.8	-25.5
35	11:00:28	35.446386	-30.7	-27.7	-23.6
35	11:31:00	35.467022	-28.3	-25.2	-19.6
35	11:59:38	35.486374	-24.0	-20.5	-16.6
35	12:28:26	35.505841	-23.3	-19.5	-13.4
35	12:59:02	35.526522	-18.4	-14.8	-11.5
35	13:25:44	35.544569	-19.8	-16.0	-12.5
35	13:56:20	35.565250	-13.1	-10.8	-6.9
35	14:23:10	35.583388	-17.6	-14.4	-11.2
35	14:53:46	35.604069	-13.7	-12.8	-9.3
35	15:20:29	35.622116	-15.6	-14.7	-11.4
36	09:04:30	36.368002	-42.0	-40.5	-38.0
36	09:33:27	36.387569	-37.0	-35.5	-33.4
36	10:02:53	36.407463	-37.0	-33.5	-30.1
36	11:01:10	36.446856	-31.2	-27.6	-23.5
36	11:30:06	36.466417	-29.0	-25.7	-21.6
36	11:59:03	36.485977	-26.5	-21.6	-17.5
36	12:28:13	36.505691	-25.1	-21.6	-14.3
36	12:58:49	36.526373	-16.9	-13.2	-9.7
36	13:26:46	36.545265	-18.2	-14.9	-11.5
36	13:55:43	36.564831	-13.7	-10.8	-7.7
36	14:22:57	36.583238	-12.9	-11.7	-8.3
36	14:53:33	36.603920	-14.8	-12.2	-9.1
37	09:04:29	37.368000	-43.2	-40.7	-37.6
37	09:33:26	37.387566	-41.3	-38.8	-34.2
37	10:02:52	37.407460	-39.3	-36.7	-31.5
37	10:33:28	37.428142	-32.6	-29.9	-25.4
37	11:01:10	37.446853	-30.9	-29.4	-25.8
37	11:30:06	37.466414	-30.5	-27.3	-18.4
37	11:59:03	37.485974	-29.2	-25.6	-20.1
37	12:28:13	37.505689	-17.7	-14.0	-10.9
37	12:58:49	37.526370	-22.2	-19.4	-15.2
37	13:26:46	37.545262	-14.7	-12.3	-8.4
37	14:22:57	37.583235	-12.2	-10.2	-6.8
37	14:53:33	37.603917	-10.3	-9.8	-6.5
38	09:35:35	38.389016	-39.5	-37.2	-33.6
38	10:01:09	38.406296	-38.0	-34.8	-31.1
38	10:31:45	38.426977	-32.6	-29.3	-26.2
38	11:02:21	38.447659	-31.8	-29.7	-25.8
38	11:27:47	38.464848	-27.7	-23.8	-20.0
38	11:58:23	38.485529	-22.1	-18.3	-14.6
38	12:28:59	38.506211	-19.1	-16.4	-12.1
38	12:59:35	38.526892	-22.5	-19.9	-16.8
38	13:25:09	38.544172	-18.3	-14.7	-10.7
38	09:04:59	38.368335	-47.4	-46.0	-40.3
38	13:55:45	38.564853	-15.3	-14.5	-10.1
39	09:04:38	39.368097	-46.6	-44.2	-40.4
39	09:35:14	39.388778	-39.6	-37.3	-33.8
39	10:02:55	39.407490	-38.5	-34.7	-30.9
39	10:31:52	39.427050	-37.4	-34.8	-25.4
39	11:00:48	39.446611	-28.6	-25.6	-21.9
39	11:29:58	39.466325	-26.8	-24.0	-20.6
39	12:00:34	39.487007	-21.5	-17.4	-14.1
39	12:28:31	39.505898	-17.4	-13.2	-10.1
39	12:57:28	39.525465	-20.3	-17.7	-14.6
39	13:24:42	39.543872	-19.3	-15.7	-11.8
39	13:55:18	39.564553	-12.5	-9.9	-6.7
39	14:23:49	39.583817	-16.4	-15.5	-11.1
39	14:52:46	39.603383	-15.2	-12.7	-9.8
40	09:07:02	40.369720	-46.8	-44.4	-38.9
40	09:32:36	40.387000	-41.0	-38.4	-34.3
40	10:04:28	40.408539	-37.2	-34.0	-30.2
40	10:29:54	40.425728	-33.9	-31.2	-24.2
40	11:01:50	40.447312	-30.2	-27.1	-21.8
40	11:32:22	40.467949	-25.1	-20.9	-17.3
40	11:57:56	40.485228	-26.5	-22.6	-18.3
40	12:29:48	40.506767	-21.6	-17.5	-13.4
40	12:55:14	40.523957	-19.2	-15.1	-11.1
40	13:27:07	40.545496	-15.9	-13.2	-9.1
40	13:57:43	40.566177	-11.6	-9.0	-5.7
41	10:03:27	41.407853	-37.0	-33.5	-30.0
41	10:32:24	41.427419	-35.3	-32.7	-26.6
41	11:01:21	41.446980	-33.5	-30.6	-23.9
41	11:31:53	41.467623	-23.2	-19.6	-16.2
41	11:57:19	41.484813	-23.2	-19.7	-14.6
42	09:05:25	42.368628	-45.1	-42.7	-39.3
42	09:36:01	42.389309	-42.7	-40.1	-35.4
42	10:02:49	42.407422	-36.6	-33.7	-30.5
42	10:31:46	42.426983	-33.7	-30.5	-26.7
42	11:00:14	42.446229	-27.7	-24.2	-20.7
42	11:30:46	42.466866	-27.7	-24.3	-19.9
42	11:59:24	42.486218	-28.7	-24.3	-20.0
42	12:28:26	42.505836	-24.1	-19.7	-15.6
42	12:57:22	42.525397	-20.5	-17.7	-13.0
44	10:02:37	44.407290	-39.1	-36.0	-32.8
44	10:31:34	44.426850	-33.5	-30.4	-26.7
44	11:00:30	44.446411	-32.7	-29.4	-24.2
44	11:30:50	44.466912	-30.8	-28.1	-21.2
47	10:59:59	47.446056	-31.8	-29.0	-23.4
49	09:05:42	49.368822	-47.0	-44.7	-41.0
49	09:36:18	49.389503	-40.8	-38.3	-34.8
49	10:03:04	49.407595	-38.2	-34.7	-31.0
49	10:33:36	49.428232	-33.7	-30.9	-24.5
49	12:01:39	49.487732	-25.5	-22.5	-19.3
49	12:28:21	49.505779	-18.9	-14.6	-11.2
49	13:56:23	49.565279	-16.9	-16.0	-12.3
50	11:28:36	50.465400	-22.9	-19.9	-16.5
50	12:29:48	50.506763	-18.3	-14.0	-10.3
50	12:55:14	50.523952	-15.0	-11.9	-7.9
50	13:25:50	50.544634	-14.5	-12.1	-8.5
50	13:56:26	50.565315	-18.5	-17.6	-13.4
50	14:22:00	50.582595	-17.6	-16.7	-13.5
50	14:52:36	50.603276	-16.6	-16.0	-12.6
50	15:23:12	50.623958	-18.2	-17.4	-13.9
52	09:05:04	52.368385	-48.0	-46.0	-40.5
52	09:34:36	52.388346	-45.2	-42.7	-33.9
52	10:04:08	52.408306	-41.7	-38.5	-31.6
52	10:30:58	52.426442	-34.3	-32.2	-28.0
52	11:00:30	52.446403	-32.4	-29.2	-24.8
52	11:30:01	52.466352	-23.3	-19.0	-16.3
52	11:59:33	52.486312	-23.6	-20.2	-15.3
52	12:29:04	52.506262	-25.3	-22.8	-17.7
52	12:55:55	52.524409	-15.1	-11.6	-7.9
52	13:25:27	52.544369	-18.7	-17.0	-13.1
52	13:54:58	52.564318	-14.7	-13.9	-9.8
52	14:24:30	52.584279	-12.5	-11.4	-7.8
53	09:05:20	53.368574	-47.0	-45.3	-38.9
53	09:34:52	53.388535	-42.9	-41.0	-35.0
53	10:04:24	53.408495	-36.5	-34.0	-27.9
53	10:31:14	53.426631	-31.9	-28.9	-24.9
53	11:00:46	53.446591	-30.7	-28.5	-23.8
53	11:30:17	53.466541	-19.5	-15.5	-12.4
54	09:05:47	54.368870	-36.8	-36.8	-34.7
54	09:34:43	54.388430	-37.7	-37.4	-33.8
54	10:03:40	54.407997	-35.7	-33.5	-30.1
54	10:32:37	54.427563	-37.8	-34.9	-29.4
54	11:01:34	54.447123	-28.1	-26.4	-23.4
54	11:30:29	54.466673	-27.7	-23.5	-19.9
54	11:59:27	54.486250	-18.7	-14.8	-12.0
54	12:28:24	54.505817	-18.5	-14.4	-11.1
54	12:57:21	54.525377	-15.1	-11.7	-8.2
54	13:26:17	54.544938	-13.0	-11.9	-8.2
55	09:07:32	55.370055	-43.8	-41.9	-39.2
55	09:33:06	55.387335	-39.5	-37.2	-34.4
55	10:03:42	55.408016	-33.7	-30.8	-28.4
55	10:34:18	55.428698	-32.8	-29.9	-26.0
55	10:59:44	55.445887	-24.6	-21.7	-18.6
55	12:26:30	55.504530	-18.1	-14.2	-10.9
55	12:57:06	55.525211	-16.5	-13.9	-9.5
55	13:27:42	55.545893	-19.5	-17.7	-13.8
55	13:53:08	55.563082	-14.1	-12.9	-8.9
55	14:23:44	55.583763	-12.2	-10.5	-6.8
55	14:54:20	55.604445	-11.0	-10.4	-7.4
55	15:19:54	55.621725	-14.4	-14.3	-11.3
56	09:05:45	56.368849	-38.1	-37.6	-36.2
56	09:34:42	56.388415	-37.5	-36.2	-33.8
56	10:03:38	56.407975	-31.6	-29.3	-26.8
56	10:32:35	56.427542	-27.5	-24.9	-22.3
56	11:01:32	56.447102	-25.2	-22.5	-19.8
56	11:30:29	56.466669	-24.5	-20.6	-17.7
56	11:59:26	56.486235	-22.4	-19.2	-16.0
56	12:28:22	56.505796	-17.7	-14.6	-10.8
56	12:57:19	56.525356	-20.8	-18.4	-14.1
56	13:26:16	56.544922	-20.2	-18.0	-13.9
56	13:55:13	56.564489	-12.1	-11.7	-8.0
56	14:24:09	56.584049	-10.7	-10.4	-7.3
57	09:34:33	57.388315	-34.3	-33.1	-31.0
58	09:06:13	58.369168	-46.8	-44.6	-40.2
58	09:33:03	58.387304	-40.3	-37.8	-34.5
58	10:02:35	58.407264	-37.7	-34.2	-30.7
58	10:32:06	58.427214	-34.0	-31.2	-26.5
58	11:01:38	58.447174	-29.8	-26.9	-22.8
58	11:31:07	58.467101	-25.5	-22.1	-18.8
59	09:06:14	59.369177	-48.1	-46.2	-38.4
59	09:31:40	59.386366	-35.2	-34.3	-31.7
59	10:02:16	59.407048	-37.2	-34.7	-31.2
59	10:32:52	59.427729	-26.5	-24.7	-21.8
59	11:03:28	59.448410	-22.9	-20.5	-17.1
59	11:29:02	59.465690	-22.8	-19.5	-15.5
59	11:59:38	59.486371	-23.8	-19.9	-16.2
59	12:30:14	59.507053	-17.4	-14.6	-10.6
59	12:55:40	59.524242	-15.1	-12.7	-8.8
59	13:26:16	59.544924	-14.5	-12.8	-8.9
60	09:06:21	60.369253	-43.8	-42.9	-38.0
60	09:31:47	60.386442	-41.8	-39.4	-36.0
60	10:02:23	60.407124	-37.8	-34.6	-30.8
60	10:32:59	60.427805	-35.3	-32.4	-27.9
60	11:03:35	60.448486	-28.9	-25.5	-21.1
60	11:29:09	60.465766	-20.4	-17.1	-14.0
60	11:59:45	60.486448	-28.8	-26.0	-23.4
60	12:30:21	60.507129	-16.3	-12.9	-9.3
60	12:55:47	60.524318	-15.5	-12.0	-8.4
60	13:26:23	60.545000	-12.3	-10.1	-6.6
61	09:06:29	61.369351	-38.9	-38.5	-36.9
61	09:31:55	61.386541	-36.8	-35.4	-33.0
61	10:02:31	61.407222	-36.6	-33.4	-30.3
61	10:33:07	61.427904	-30.9	-29.0	-25.1
61	10:58:41	61.445183	-26.6	-24.1	-20.1
61	11:03:43	61.448585	-30.0	-26.6	-22.4
61	11:29:17	61.465865	-26.0	-22.6	-18.7
61	11:59:53	61.486546	-20.2	-16.3	-13.3
61	12:30:29	61.507228	-18.0	-14.0	-10.0
61	12:55:55	61.524417	-15.7	-12.9	-8.8
61	13:26:31	61.545098	-12.9	-11.8	-7.9
62	09:06:36	62.369427	-42.5	-40.9	-38.3
62	09:32:02	62.386617	-41.8	-39.1	-35.7
62	10:02:38	62.407298	-38.9	-35.5	-32.1
62	10:33:14	62.427980	-31.6	-28.9	-25.3
62	10:58:48	62.445259	-29.3	-26.0	-22.0
62	11:29:24	62.465941	-27.5	-23.6	-19.4
62	12:00:00	62.486622	-21.9	-17.7	-14.0
62	12:30:36	62.507304	-19.4	-16.8	-12.4
62	12:56:02	62.524493	-16.7	-13.2	-9.6
62	13:26:38	62.545174	-17.4	-15.7	-10.9
62	13:57:14	62.565856	-18.8	-17.6	-14.2
63	09:06:43	63.369503	-46.5	-44.8	-39.9
63	09:32:09	63.386693	-42.4	-39.7	-35.5
63	10:02:45	63.407374	-35.6	-32.6	-29.4
63	10:33:21	63.428056	-32.3	-29.2	-25.2
63	10:58:55	63.445335	-29.1	-26.3	-21.9
63	11:29:31	63.466017	-24.7	-21.3	-17.1
63	12:00:07	63.486698	-17.9	-14.2	-10.8
63	12:30:43	63.507380	-18.7	-16.2	-12.0
64	09:06:51	64.369591	-46.3	-44.6	-38.7
64	09:32:17	64.386780	-41.8	-39.3	-35.4
64	10:02:53	64.407462	-35.6	-32.8	-28.0
64	10:33:29	64.428143	-28.9	-26.9	-23.3
64	10:59:03	64.445423	-26.3	-24.1	-20.5
64	11:29:39	64.466104	-23.6	-20.2	-16.6
64	12:00:15	64.486785	-18.5	-14.6	-11.4
64	12:25:41	64.503975	-24.0	-20.5	-15.1
64	12:56:17	64.524656	-15.2	-13.3	-9.4
64	13:26:53	64.545338	-17.5	-15.5	-12.6
64	13:57:29	64.566019	-16.2	-14.7	-11.1
64	14:23:03	64.583299	-15.0	-14.1	-10.2
65	10:58:38	65.445149	-27.9	-25.1	-21.0
65	11:03:40	65.448551	-24.9	-21.7	-18.9
65	11:29:14	65.465831	-20.0	-16.7	-13.6
65	11:59:50	65.486512	-20.9	-17.3	-13.7
65	12:30:26	65.507194	-15.0	-11.8	-8.3
65	12:55:52	65.524383	-15.4	-13.3	-8.9
65	13:26:28	65.545065	-11.4	-9.6	-6.1
65	13:57:04	65.565746	-15.2	-14.6	-10.7
65	14:22:38	65.583026	-10.3	-9.4	-6.0
66	10:32:06	66.427214	-26.1	-24.9	-22.4
66	11:01:03	66.446780	-31.1	-27.4	-22.8
66	11:29:60	66.466341	-29.4	-25.1	-20.8
66	11:58:56	66.485901	-28.0	-24.6	-18.4
66	12:27:53	66.505467	-21.8	-19.1	-14.0
66	12:56:50	66.525034	-14.8	-10.8	-7.4
66	13:25:47	66.544594	-13.9	-12.7	-8.4
66	13:54:42	66.564144	-16.3	-15.8	-11.4
66	14:23:40	66.583721	-18.4	-16.7	-14.5
67	09:06:41	67.369481	-46.5	-44.8	-38.9
67	09:32:07	67.386670	-43.7	-41.8	-34.0
67	10:02:43	67.407352	-38.2	-35.7	-29.3
67	10:33:19	67.428033	-34.7	-32.0	-25.1
67	10:58:53	67.445313	-33.8	-31.5	-23.6
67	11:29:29	67.465994	-30.6	-28.3	-25.0
67	12:00:05	67.486676	-19.5	-15.8	-12.1
67	12:30:41	67.507357	-16.9	-14.4	-9.9
67	12:56:07	67.524547	-17.3	-15.1	-11.2
67	13:26:43	67.545228	-15.2	-14.0	-10.1
67	13:57:19	67.565909	-17.6	-16.4	-13.0
67	14:22:53	67.583189	-17.6	-16.5	-13.6
68	09:06:08	68.369106	-46.3	-45.6	-40.7
68	10:02:10	68.406977	-37.3	-34.1	-30.6
68	10:32:46	68.427659	-27.9	-25.6	-22.5
68	11:03:22	68.448340	-29.9	-26.8	-22.7
68	11:28:56	68.465620	-22.2	-18.6	-16.1
68	11:59:32	68.486301	-19.2	-16.2	-12.5
68	12:30:08	68.506983	-17.0	-13.8	-10.3
68	12:55:34	68.524172	-17.8	-14.1	-10.0
68	13:26:10	68.544853	-15.6	-14.5	-10.2
68	13:56:46	68.565535	-14.8	-14.3	-10.3
68	14:22:20	68.582814	-13.7	-12.7	-9.6
68	14:52:56	68.603496	-13.5	-13.5	-10.2
68	15:23:32	68.624177	-13.0	-13.3	-10.3
68	15:48:58	68.641367	-18.6	-18.3	-16.0
68	16:50:10	68.682730	-24.5	-24.8	-24.1
68	17:20:46	68.703411	-30.2	-30.5	-30.4
68	17:46:20	68.720691	-35.8	-36.1	-36.4
68	19:12:58	68.779243	-48.6	-48.7	-49.6
68	19:43:34	68.799925	-50.3	-50.6	-51.5
68	20:14:10	68.820606	-53.5	-53.7	-54.7
68	20:39:44	68.837886	-55.4	-55.7	-56.9
68	21:10:20	68.858567	-58.7	-59.5	-61.2
68	21:40:56	68.879248	-60.1	-61.0	-63.1
68	22:06:22	68.896438	-61.2	-61.9	-63.5
68	22:36:58	68.917119	-63.6	-63.9	-64.8
68	23:07:34	68.937801	-65.3	-65.5	-67.5
68	23:33:08	68.955080	-65.7	-65.8	-66.8
68	24:03:44	68.975762	-66.8	-67.2	-68.2
68	24:34:20	68.996443	-67.1	-67.5	-68.4
69	00:25:20	69.017125	-69.8	-71.9	-73.9
69	00:50:46	69.034314	-70.6	-73.3	-75.5
69	01:21:22	69.054996	-70.6	-71.7	-73.3
69	01:51:58	69.075677	-71.8	-72.0	-73.7
69	02:17:32	69.092957	-71.6	-71.8	-73.3
69	02:48:08	69.113638	-72.3	-73.8	-75.4
69	03:18:44	69.134320	-74.2	-75.8	-77.8
69	03:44:10	69.151509	-74.6	-77.4	-79.7
69	04:14:46	69.172190	-74.9	-75.8	-77.5
69	04:45:22	69.192872	-75.3	-75.7	-76.9
69	05:10:56	69.210151	-75.7	-76.3	-77.5
69	05:41:32	69.230833	-75.7	-76.5	-78.0
69	06:12:08	69.251514	-74.3	-74.3	-74.7
69	06:37:34	69.268704	-71.2	-70.8	-70.6
69	07:08:10	69.289385	-66.1	-65.5	-64.8
69	07:38:46	69.310067	-60.0	-59.1	-58.0
69	08:09:22	69.330748	-54.6	-53.5	-50.9
69	08:34:56	69.348028	-51.3	-49.6	-45.4
69	09:05:03	69.368384	-49.3	-47.4	-40.5
69	09:34:34	69.388333	-42.0	-40.4	-36.4
69	10:04:06	69.408294	-36.8	-34.0	-28.6
69	10:30:56	69.426429	-25.8	-23.5	-20.9
69	11:00:28	69.446390	-26.8	-24.5	-21.0
69	11:29:59	69.466339	-20.4	-16.7	-13.5
69	11:59:31	69.486300	-20.8	-16.6	-13.6
69	12:29:03	69.506260	-23.4	-21.0	-16.7
69	12:55:53	69.524396	-23.9	-21.2	-16.7
69	13:25:25	69.544356	-21.0	-19.4	-15.0
69	13:54:56	69.564306	-18.5	-17.4	-13.2
69	14:24:28	69.584266	-14.0	-13.5	-10.2
70	09:06:00	70.369022	-46.8	-45.0	-36.1
70	09:32:50	70.387157	-42.9	-40.9	-35.1
70	10:02:22	70.407118	-38.3	-35.6	-29.5
70	10:31:51	70.427045	-31.2	-29.4	-26.2
70	11:01:25	70.447028	-22.1	-20.4	-17.0
70	11:30:57	70.466988	-19.5	-16.3	-13.1
70	12:00:28	70.486938	-22.3	-19.5	-16.7
70	12:27:19	70.505084	-22.6	-20.1	-16.3
70	12:56:50	70.525034	-21.2	-19.3	-15.8
70	13:26:22	70.544994	-17.6	-15.9	-12.8
70	13:55:51	70.564921	-14.9	-14.3	-10.7
70	14:25:25	70.584904	-13.0	-12.5	-8.9
71	13:54:46	71.564186	-20.0	-18.5	-15.1
72	09:05:42	72.368813	-39.2	-38.5	-36.8
72	09:35:13	72.388763	-37.1	-35.3	-33.9
72	10:02:04	72.406910	-33.6	-30.9	-28.4
72	10:31:33	72.426836	-28.2	-26.3	-23.5
72	11:01:07	72.446819	-26.3	-23.8	-19.6
72	11:30:39	72.466780	-24.8	-21.0	-17.5
72	12:00:10	72.486729	-26.7	-22.3	-17.5
72	12:27:01	72.504876	-19.6	-17.8	-13.1
72	12:56:32	72.524825	-17.1	-13.6	-10.1
72	13:26:04	72.544786	-13.4	-11.2	-7.7
72	13:55:33	72.564713	-17.8	-16.8	-13.0
73	09:06:12	73.369160	-48.2	-46.4	-43.1
73	09:31:38	73.386349	-43.7	-41.5	-32.8
73	10:02:14	73.407031	-41.5	-39.5	-34.3
74	09:06:19	74.369236	-46.9	-45.3	-39.0
74	09:31:45	74.386425	-43.3	-41.7	-35.9
74	10:02:21	74.407107	-39.3	-36.9	-33.3
74	10:32:57	74.427788	-35.7	-32.6	-27.5
74	11:03:33	74.448470	-27.6	-24.4	-20.5
74	11:29:07	74.465749	-20.4	-18.1	-14.8
74	11:59:43	74.486431	-22.8	-20.8	-16.8
74	12:30:19	74.507112	-18.8	-16.5	-12.3
74	12:55:45	74.524302	-16.7	-15.2	-11.2
74	13:26:21	74.544983	-17.5	-16.3	-12.4
75	09:04:29	75.367994	-47.6	-45.9	-43.3
75	09:34:48	75.388489	-41.0	-39.3	-33.9
75	10:03:45	75.408050	-40.8	-38.5	-34.7
75	11:59:32	75.486304	-27.4	-24.8	-20.6
76	09:04:36	76.368070	-49.0	-46.9	-41.9
76	09:33:33	76.387636	-43.6	-41.9	-37.3
76	10:02:29	76.407197	-38.4	-35.7	-30.6
76	10:32:49	76.427692	-35.6	-32.4	-27.8
76	11:01:46	76.447259	-27.0	-24.6	-21.4
76	11:30:42	76.466819	-23.8	-20.7	-17.0
76	11:30:42	76.466819	-23.8	-20.7	-17.0
76	11:59:39	76.486380	-19.7	-17.6	-13.1
77	09:04:26	77.367966	-47.6	-46.0	-40.3
77	09:34:46	77.388461	-44.4	-41.9	-34.4
77	11:01:36	77.447154	-25.9	-24.5	-20.9
78	09:06:49	78.369574	-47.8	-46.3	-44.2
78	09:32:15	78.386763	-43.6	-41.9	-39.6
78	10:02:51	78.407445	-40.7	-38.5	-34.7
78	10:33:27	78.428126	-36.3	-34.2	-31.5
78	10:59:01	78.445406	-32.9	-30.9	-27.9
78	11:29:37	78.466087	-22.6	-20.6	-16.8
78	12:00:13	78.486769	-23.1	-20.9	-17.0
78	12:25:39	78.503958	-23.8	-21.4	-18.5